[
  {
    "character": "😀",
    "name": "grinning face",
    "code": "1F600"
  },
  {
    "character": "😃",
    "name": "grinning face with big eyes",
    "code": "1F603"
  },
  {
    "character": "😄",
    "name": "grinning face with smiling eyes",
    "code": "1F604"
  },
  {
    "character": "😁",
    "name": "beaming face with smiling eyes",
    "code": "1F601"
  },
  {
    "character": "😋",
    "name": "face savoring food",
    "code": "1F60B"
  },
  {
    "character": "😛",
    "name": "face with tongue",
    "code": "1F61B"
  },
  {
    "character": "😜",
    "name": "winking face with tongue",
    "code": "1F61C"
  },
  {
    "character": "🤪",
    "name": "zany face",
    "code": "1F92A"
  },
  {
    "character": "😝",
    "name": "squinting face with tongue",
    "code": "1F61D"
  }
]